Workbook

Sheet Dashboard
A1: Indirect Procurement Spend Dashboard
A2: 24 months synthetic spend data — all figures calculated live from the Data sheet
A4: Total spend | C4: PO lines | E4: Active suppliers | G4: Maverick spend % | I4: Suppliers for 80% of spend
A5: =SUM(Data!H:H) | C5: =COUNTA(Data!A:A)-1 | E5: =COUNTIF(Suppliers!B:B,">0") | G5: =SUMIF(Data!E:E,"N",Data!H:H)/SUM(Data!H:H) | I5: =COUNTIF(Suppliers!D2:D110,"<=0.8")+1

Sheet Data
A1: Month | B1: Category | C1: BusinessUnit | D1: Supplier | E1: OnContract | F1: Quantity | G1: UnitPrice | H1: LineTotal
A2: 2024-07 | B2: IT Hardware | C2: Digital & Tech | D2: Spree Partners | E2: Y | F2: 2 | G2: 375.72 | H2: =F2*G2
A3: 2024-07 | B3: Software & SaaS | C3: Digital & Tech | D3: Nova Partners | E3: Y | F3: 1 | G3: 1088.42 | H3: =F3*G3
A4: 2024-07 | B4: Software & SaaS | C4: Digital & Tech | D4: Nova Partners | E4: Y | F4: 10 | G4: 1767.84 | H4: =F4*G4
A5: 2024-07 | B5: Software & SaaS | C5: Operations North | D5: Racoon Agentur | E5: N | F5: 2 | G5: 654.04 | H5: =F5*G5
A6: 2024-07 | B6: Software & SaaS | C6: Operations North | D6: Nova Partners | E6: Y | F6: 2 | G6: 904.52 | H6: =F6*G6
A7: 2024-07 | B7: Facilities Services | C7: Central Functions | D7: Linden GmbH | E7: Y | F7: 1 | G7: 5103.1 | H7: =F7*G7
A8: 2024-07 | B8: Facilities Services | C8: Operations South | D8: Linden GmbH | E8: Y | F8: 2 | G8: 4976.88 | H8: =F8*G8
A9: 2024-07 | B9: Logistics Services | C9: Operations North | D9: Cedar Works | E9: Y | F9: 5 | G9: 1193.38 | H9: =F9*G9
A10: 2024-07 | B10: Marketing Services | C10: Central Functions | D10: Nova Works | E10: Y | F10: 2 | G10: 2170.93 | H10: =F10*G10
A11: 2024-07 | B11: Professional Services | C11: Digital & Tech | D11: Delta Media | E11: Y | F11: 3 | G11: 3264.55 | H11: =F11*G11
A12: 2024-07 | B12: Professional Services | C12: Digital & Tech | D12: Delta Media | E12: Y | F12: 11 | G12: 3020.13 | H12: =F12*G12
A13: 2024-07 | B13: Professional Services | C13: Digital & Tech | D13: Delta Media | E13: Y | F13: 10 | G13: 10750.97 | H13: =F13*G13
... A13200: 2026-06 | B13200: MRO & Maintenance | C13200: Central Functions | D13200: Hanse Media | E13200: Y | F13200: 1 | G13200: 1457.72 | H13200: =F13200*G13200

Sheet ByCategory
A1: Category | B1: Spend | C1: PctOfTotal
A2: Facilities Services | B2: =SUMIF(Data!B:B,A2,Data!H:H) | C2: =B2/SUM(B$2:B$11)
A3: IT Hardware | B3: =SUMIF(Data!B:B,A3,Data!H:H) | C3: =B3/SUM(B$2:B$11)
A4: Logistics Services | B4: =SUMIF(Data!B:B,A4,Data!H:H) | C4: =B4/SUM(B$2:B$11)
A5: MRO & Maintenance | B5: =SUMIF(Data!B:B,A5,Data!H:H) | C5: =B5/SUM(B$2:B$11)
A6: Marketing Services | B6: =SUMIF(Data!B:B,A6,Data!H:H) | C6: =B6/SUM(B$2:B$11)
A7: Office Supplies | B7: =SUMIF(Data!B:B,A7,Data!H:H) | C7: =B7/SUM(B$2:B$11)
A8: Packaging | B8: =SUMIF(Data!B:B,A8,Data!H:H) | C8: =B8/SUM(B$2:B$11)
A9: Professional Services | B9: =SUMIF(Data!B:B,A9,Data!H:H) | C9: =B9/SUM(B$2:B$11)
A10: Software & SaaS | B10: =SUMIF(Data!B:B,A10,Data!H:H) | C10: =B10/SUM(B$2:B$11)
A11: Travel | B11: =SUMIF(Data!B:B,A11,Data!H:H) | C11: =B11/SUM(B$2:B$11)

Sheet ByMonth
A1: Month | B1: Spend
A2: 2024-07 | B2: =SUMIF(Data!A:A,A2,Data!H:H)
A3: 2024-08 | B3: =SUMIF(Data!A:A,A3,Data!H:H)
A4: 2024-09 | B4: =SUMIF(Data!A:A,A4,Data!H:H)
A5: 2024-10 | B5: =SUMIF(Data!A:A,A5,Data!H:H)
A6: 2024-11 | B6: =SUMIF(Data!A:A,A6,Data!H:H)
A7: 2024-12 | B7: =SUMIF(Data!A:A,A7,Data!H:H)
A8: 2025-01 | B8: =SUMIF(Data!A:A,A8,Data!H:H)
A9: 2025-02 | B9: =SUMIF(Data!A:A,A9,Data!H:H)
A10: 2025-03 | B10: =SUMIF(Data!A:A,A10,Data!H:H)
A11: 2025-04 | B11: =SUMIF(Data!A:A,A11,Data!H:H)
A12: 2025-05 | B12: =SUMIF(Data!A:A,A12,Data!H:H)
A13: 2025-06 | B13: =SUMIF(Data!A:A,A13,Data!H:H)
... A25: 2026-06 | B25: =SUMIF(Data!A:A,A25,Data!H:H)

Sheet Maverick
A1: BusinessUnit | B1: Spend | C1: MaverickSpend | D1: MaverickPct
A2: Central Functions | B2: =SUMIF(Data!C:C,A2,Data!H:H) | C2: =SUMIFS(Data!H:H,Data!C:C,A2,Data!E:E,"N") | D2: =C2/B2
A3: Operations North | B3: =SUMIF(Data!C:C,A3,Data!H:H) | C3: =SUMIFS(Data!H:H,Data!C:C,A3,Data!E:E,"N") | D3: =C3/B3
A4: Operations South | B4: =SUMIF(Data!C:C,A4,Data!H:H) | C4: =SUMIFS(Data!H:H,Data!C:C,A4,Data!E:E,"N") | D4: =C4/B4
A5: Digital & Tech | B5: =SUMIF(Data!C:C,A5,Data!H:H) | C5: =SUMIFS(Data!H:H,Data!C:C,A5,Data!E:E,"N") | D5: =C5/B5

Sheet Suppliers
A1: Supplier | B1: Spend | C1: PctOfTotal | D1: CumulativePct
A2: Nord Partners | B2: =SUMIF(Data!D:D,A2,Data!H:H) | C2: =B2/SUM(B$2:B$110) | D2: =SUM(C$2:C2)
A3: Delta Media | B3: =SUMIF(Data!D:D,A3,Data!H:H) | C3: =B3/SUM(B$2:B$110) | D3: =SUM(C$2:C3)
A4: Linden GmbH | B4: =SUMIF(Data!D:D,A4,Data!H:H) | C4: =B4/SUM(B$2:B$110) | D4: =SUM(C$2:C4)
A5: Nova Works | B5: =SUMIF(Data!D:D,A5,Data!H:H) | C5: =B5/SUM(B$2:B$110) | D5: =SUM(C$2:C5)
A6: Falcon Consulting | B6: =SUMIF(Data!D:D,A6,Data!H:H) | C6: =B6/SUM(B$2:B$110) | D6: =SUM(C$2:C6)
A7: Orbit Works | B7: =SUMIF(Data!D:D,A7,Data!H:H) | C7: =B7/SUM(B$2:B$110) | D7: =SUM(C$2:C7)
A8: Racoon Office | B8: =SUMIF(Data!D:D,A8,Data!H:H) | C8: =B8/SUM(B$2:B$110) | D8: =SUM(C$2:C8)
A9: Spree Partners | B9: =SUMIF(Data!D:D,A9,Data!H:H) | C9: =B9/SUM(B$2:B$110) | D9: =SUM(C$2:C9)
A10: Nova Partners | B10: =SUMIF(Data!D:D,A10,Data!H:H) | C10: =B10/SUM(B$2:B$110) | D10: =SUM(C$2:C10)
A11: Metro Works | B11: =SUMIF(Data!D:D,A11,Data!H:H) | C11: =B11/SUM(B$2:B$110) | D11: =SUM(C$2:C11)
A12: Cedar Works | B12: =SUMIF(Data!D:D,A12,Data!H:H) | C12: =B12/SUM(B$2:B$110) | D12: =SUM(C$2:C12)
A13: Hanse Media | B13: =SUMIF(Data!D:D,A13,Data!H:H) | C13: =B13/SUM(B$2:B$110) | D13: =SUM(C$2:C13)
... A110: Bright Office | B110: =SUMIF(Data!D:D,A110,Data!H:H) | C110: =B110/SUM(B$2:B$110) | D110: =SUM(C$2:C110)
